Model,Accuracy,Precision_true,Recall_true,Specificity,F1_true,ROC_AUC,PR_AUC,split,label
Best Baseline (LightGBM),0.9033183121671446,0.7339743589743589,0.599476439790576,0.9596891694997571,0.659942363112392,0.9299264625485355,0.7481773967250916,test,baseline
"SMOTE+AdaBoost+DT (n=200,lr=0.5,d=2)",0.8877509217533798,0.6158798283261803,0.7513089005235603,0.9130645944633318,0.6768867924528302,0.9203859190528622,0.6823526380724639,test,corrected
