Model_Family,Pipeline,AdaBoost_Status,Accuracy,Precision_true,Recall_true,Specificity,F1_true,ROC_AUC,PR_AUC,train_time_s,model_size_kb,Notes
Random Forest,Baseline (no SMOTE),N/A,0.9033183121671446,0.7799227799227799,0.5301837270341208,0.9723300970873786,0.63125,0.9213095329103279,0.7385477325619808,0.0,2727.3,Meilleur config par PR_AUC
MLP,Baseline (no SMOTE),N/A,0.8955346169602622,0.7086092715231788,0.5616797900262467,0.9572815533980582,0.6266471449487555,0.9256555309227124,0.715405953533908,0.0,1153.9,Meilleur config par PR_AUC
LightGBM,Baseline (no SMOTE),N/A,0.9008603031544449,0.7178683385579937,0.6010498687664042,0.9563106796116505,0.6542857142857142,0.9267703794307265,0.7388064712735886,0.0,242.5,Meilleur config par PR_AUC
Random Forest,SMOTE + AdaBoost + RF,Compatible,0.8877509217533798,0.6616314199395771,0.5748031496062992,0.945631067961165,0.6151685393258427,0.9060889840226283,0.6734043272835556,24.61,11900.7,"AdaBoost(n=50, lr=0.5) + RF(n=50, depth=5)"
MLP,SMOTE + MLP (AdaBoost incompatible),Fallback (MLP ne supporte pas sample_weight),0.8713641950020483,0.578088578088578,0.6509186351706037,0.9121359223300971,0.6123456790123457,0.9036414137553194,0.6362661551834173,9.45,557.1,AdaBoost incompatible : ValueError
LightGBM,SMOTE + AdaBoost + LightGBM,Compatible,0.8799672265464973,0.6182795698924731,0.6036745406824147,0.9310679611650485,0.6108897742363878,0.8747630150600106,0.6129682410178661,5.21,3930.9,AdaBoost(n=10) + LightGBM(n=100)
AdaBoost + DecisionTree,SMOTE + AdaBoost + DT,Standard,0.876689881196231,0.5843881856540084,0.7270341207349081,0.904368932038835,0.6479532163742691,0.909993502025839,0.656086930538387,1.92,325.5,"n=100, lr=1.0, depth=1"
AdaBoost + DecisionTree,SMOTE + AdaBoost + DT,Standard,0.8754608766898812,0.582089552238806,0.7165354330708661,0.9048543689320389,0.6423529411764706,0.9169335932522998,0.6871690863715987,7.77,450.3,"n=200, lr=0.5, depth=2"
